disease,state,window,concern,ci_low,ci_high,sample_size
covid,ut,October 1 - October 25,31.6,20.4,42.9,134
covid,ak,October 1 - October 25,34.3,28.9,39.7,419
covid,ia,October 1 - October 25,31.2,26.7,35.8,492
covid,in,October 1 - October 25,33.9,29.6,38.2,568
covid,ks,October 1 - October 25,30.0,24.4,35.7,321
covid,ct,October 1 - October 25,39.7,35.1,44.3,602
covid,mt,October 1 - October 25,33.5,29.7,37.2,793
covid,nd,October 1 - October 25,27.5,23.6,31.3,638
covid,ca,October 1 - October 25,43.7,39.6,47.7,1007
covid,nv,October 1 - October 25,37.7,31.9,43.6,374
covid,co,October 1 - October 25,39.5,35.1,44.0,596
covid,la,October 1 - October 25,35.0,30.8,39.2,749
covid,oh,October 1 - October 25,31.4,24.0,38.7,307
covid,de,October 1 - October 25,37.2,33.0,41.4,700
covid,dc,October 1 - October 25,51.1,47.3,54.9,1020
covid,ky,October 1 - October 25,28.3,23.1,33.4,424
covid,or,October 1 - October 25,38.7,34.7,42.8,596
covid,mn,October 1 - October 25,36.2,32.6,39.8,819
covid,me,October 1 - October 25,36.0,32.3,39.7,829
covid,ms,October 1 - October 25,33.6,29.3,37.9,703
covid,ri,October 1 - October 25,39.4,34.7,44.1,564
covid,fl,October 1 - October 25,33.9,29.0,38.7,800
covid,nc,October 1 - October 25,34.8,30.3,39.3,591
covid,nj,October 1 - October 25,40.4,36.5,44.3,860
covid,ga,October 1 - October 25,37.2,31.3,43.1,515
covid,nm,October 1 - October 25,39.7,34.9,44.5,511
covid,il,October 1 - October 25,41.8,38.9,44.8,1858
covid,mo,October 1 - October 25,32.1,23.2,41.0,222
covid,ok,October 1 - October 25,32.8,29.1,36.6,682
covid,wy,October 1 - October 25,28.7,24.1,33.2,501
covid,sc,October 1 - October 25,35.2,31.7,38.8,979
covid,va,October 1 - October 25,41.0,37.4,44.6,988
covid,nh,October 1 - October 25,39.3,35.5,43.1,942
covid,al,October 1 - October 25,33.0,29.7,36.3,1115
covid,pa,October 1 - October 25,35.2,32.4,37.9,2104
covid,id,October 1 - October 25,29.2,24.6,33.7,473
covid,hi,October 1 - October 25,45.4,41.3,49.5,876
covid,ar,October 1 - October 25,29.9,25.1,34.7,725
covid,md,October 1 - October 25,51.3,43.8,58.8,389
covid,wa,October 1 - October 25,43.8,35.0,52.7,244
covid,sd,October 1 - October 25,29.8,26.2,33.4,778
covid,ne,October 1 - October 25,30.6,26.6,34.6,635
covid,tn,October 1 - October 25,32.3,29.1,35.5,1004
covid,az,October 1 - October 25,30.9,24.5,37.3,373
covid,ma,October 1 - October 25,41.4,37.5,45.3,858
covid,ny,October 1 - October 25,40.0,34.9,45.1,700
covid,tx,October 1 - October 25,36.1,32.8,39.4,2774
covid,wv,October 1 - October 25,34.7,31.0,38.4,868
covid,wi,October 1 - October 25,33.0,28.6,37.4,563
covid,vt,October 1 - October 25,41.7,35.5,48.0,399
covid,mi,October 1 - October 25,30.9,26.0,35.8,510
covid,ks,December 28 - January 31,26.2,19.9,32.6,232
covid,oh,December 28 - January 31,28.6,20.2,37.0,240
covid,nh,December 28 - January 31,33.8,30.9,36.7,1336
covid,co,December 28 - January 31,35.2,31.9,38.5,974
covid,fl,December 28 - January 31,36.2,30.3,42.0,656
covid,nj,December 28 - January 31,37.7,34.2,41.2,1017
covid,sc,December 28 - January 31,32.2,29.2,35.2,1370
covid,wv,December 28 - January 31,29.4,26.1,32.8,1040
covid,nv,December 28 - January 31,34.2,29.6,38.7,537
covid,ms,December 28 - January 31,34.0,29.0,38.9,652
covid,ky,December 28 - January 31,34.0,28.5,39.5,408
covid,tn,December 28 - January 31,31.3,28.4,34.3,1309
covid,nd,December 28 - January 31,25.0,20.7,29.4,496
covid,ca,December 28 - January 31,40.0,36.8,43.3,2328
covid,al,December 28 - January 31,36.9,33.9,39.9,1414
covid,wy,December 28 - January 31,25.7,22.7,28.8,1003
covid,ut,December 28 - January 31,21.9,14.1,29.8,195
covid,in,December 28 - January 31,30.6,27.4,33.8,1041
covid,pa,December 28 - January 31,33.6,31.2,36.0,2159
covid,sd,December 28 - January 31,26.2,22.4,30.0,638
covid,wa,December 28 - January 31,35.1,27.0,43.1,332
covid,tx,December 28 - January 31,35.0,32.4,37.7,4150
covid,ri,December 28 - January 31,35.6,29.5,41.7,351
covid,ak,December 28 - January 31,31.1,25.9,36.2,382
covid,il,December 28 - January 31,37.6,35.1,40.0,2497
covid,vt,December 28 - January 31,37.7,33.7,41.8,788
covid,nm,December 28 - January 31,41.3,35.1,47.6,362
covid,de,December 28 - January 31,36.8,33.5,40.1,1111
covid,ma,December 28 - January 31,41.1,37.5,44.7,982
covid,ct,December 28 - January 31,37.9,33.1,42.7,594
covid,az,December 28 - January 31,29.0,24.0,34.0,545
covid,mi,December 28 - January 31,37.8,32.0,43.5,485
covid,dc,December 28 - January 31,48.7,45.2,52.1,1172
covid,hi,December 28 - January 31,45.8,41.8,49.8,906
covid,va,December 28 - January 31,38.1,34.9,41.2,1379
covid,md,December 28 - January 31,40.9,34.1,47.7,486
covid,ok,December 28 - January 31,24.6,19.8,29.4,341
covid,la,December 28 - January 31,33.8,29.7,38.0,707
covid,nc,December 28 - January 31,32.9,27.8,37.9,611
covid,id,December 28 - January 31,25.3,19.8,30.8,289
covid,mo,December 28 - January 31,34.5,26.0,43.1,244
covid,ny,December 28 - January 31,33.2,27.3,39.1,603
covid,me,December 28 - January 31,36.1,33.1,39.1,1311
covid,ia,December 28 - January 31,24.3,19.2,29.3,379
covid,mt,December 28 - January 31,28.9,26.1,31.6,1399
covid,wi,December 28 - January 31,29.4,23.6,35.2,390
covid,mn,December 28 - January 31,33.7,30.7,36.7,1221
covid,or,December 28 - January 31,36.7,33.6,39.8,1073
covid,ar,December 28 - January 31,31.1,25.2,36.9,361
covid,ne,December 28 - January 31,32.0,28.5,35.5,816
covid,ga,December 28 - January 31,28.4,21.0,35.7,340
covid,wi,October 26 - November 29,32.1,28.5,35.6,831
covid,in,October 26 - November 29,28.8,24.6,33.0,515
covid,mt,October 26 - November 29,27.2,23.8,30.6,846
covid,oh,October 26 - November 29,25.1,18.5,31.8,305
covid,ne,October 26 - November 29,29.4,26.1,32.6,960
covid,mn,October 26 - November 29,31.7,28.3,35.2,848
covid,ct,October 26 - November 29,35.8,32.4,39.3,971
covid,hi,October 26 - November 29,39.7,36.0,43.4,1023
covid,wa,October 26 - November 29,34.4,24.9,43.9,234
covid,sc,October 26 - November 29,34.7,31.3,38.2,1072
covid,la,October 26 - November 29,34.1,30.1,38.0,798
covid,mo,October 26 - November 29,28.7,20.6,36.9,225
covid,ky,October 26 - November 29,32.4,28.2,36.6,644
covid,vt,October 26 - November 29,40.9,37.3,44.5,912
covid,ny,October 26 - November 29,38.0,32.9,43.2,878
covid,ak,October 26 - November 29,29.3,25.3,33.3,586
covid,ok,October 26 - November 29,28.8,25.5,32.2,900
covid,md,October 26 - November 29,36.9,30.0,43.7,454
covid,pa,October 26 - November 29,33.2,30.6,35.9,2735
covid,tn,October 26 - November 29,31.9,28.8,34.9,1139
covid,wv,October 26 - November 29,33.8,30.5,37.1,1155
covid,de,October 26 - November 29,39.8,36.2,43.4,1020
covid,nv,October 26 - November 29,34.1,28.7,39.6,389
covid,dc,October 26 - November 29,51.4,47.9,54.9,1142
covid,il,October 26 - November 29,37.9,35.2,40.5,2471
covid,ks,October 26 - November 29,31.0,26.4,35.6,467
covid,ut,October 26 - November 29,15.7,6.8,24.6,114
covid,sd,October 26 - November 29,27.5,23.6,31.4,618
covid,co,October 26 - November 29,32.4,28.1,36.7,544
covid,me,October 26 - November 29,36.9,34.1,39.8,1412
covid,ar,October 26 - November 29,30.1,26.6,33.5,1083
covid,ma,October 26 - November 29,37.7,34.2,41.2,1054
covid,nm,October 26 - November 29,32.7,28.1,37.3,539
covid,al,October 26 - November 29,33.7,30.3,37.1,1100
covid,ca,October 26 - November 29,38.9,34.3,43.5,898
covid,tx,October 26 - November 29,35.9,33.1,38.7,3318
covid,or,October 26 - November 29,38.6,34.0,43.2,474
covid,fl,October 26 - November 29,32.4,28.2,36.6,960
covid,wy,October 26 - November 29,29.6,25.1,34.1,551
covid,va,October 26 - November 29,39.5,35.6,43.5,986
covid,nd,October 26 - November 29,28.7,24.5,33.0,585
covid,ri,October 26 - November 29,37.8,33.4,42.2,685
covid,nh,October 26 - November 29,35.7,32.2,39.1,1071
covid,mi,October 26 - November 29,35.2,30.4,40.0,634
covid,ia,October 26 - November 29,29.9,26.0,33.8,635
covid,ga,October 26 - November 29,31.6,24.7,38.4,406
covid,az,October 26 - November 29,33.4,28.0,38.8,573
covid,nj,October 26 - November 29,36.3,32.7,39.9,968
covid,id,October 26 - November 29,25.7,19.9,31.5,254
covid,nc,October 26 - November 29,38.6,34.3,43.0,726
covid,ms,October 26 - November 29,35.4,30.5,40.3,556
covid,ma,November 30 - December 27,42.8,38.2,47.5,611
covid,il,November 30 - December 27,34.0,28.9,39.1,925
covid,vt,November 30 - December 27,34.4,29.3,39.4,402
covid,ri,November 30 - December 27,38.8,32.5,45.0,349
covid,nd,November 30 - December 27,29.5,23.7,35.4,312
covid,ny,November 30 - December 27,35.8,27.7,43.9,373
covid,ak,November 30 - December 27,31.5,24.6,38.4,232
covid,ms,November 30 - December 27,31.3,23.6,39.0,222
covid,or,November 30 - December 27,37.4,34.2,40.7,1014
covid,co,November 30 - December 27,35.0,31.3,38.7,770
covid,ky,November 30 - December 27,32.0,27.2,36.8,471
covid,ca,November 30 - December 27,40.0,37.1,42.9,1512
covid,dc,November 30 - December 27,51.1,46.3,56.0,577
covid,ut,November 30 - December 27,26.3,17.0,35.6,158
covid,al,November 30 - December 27,32.1,28.1,36.1,748
covid,sc,November 30 - December 27,33.5,29.5,37.5,727
covid,mo,November 30 - December 27,25.1,14.8,35.5,89
covid,va,November 30 - December 27,38.1,33.9,42.3,765
covid,nh,November 30 - December 27,35.1,29.9,40.2,504
covid,sd,November 30 - December 27,23.9,20.0,27.8,511
covid,tx,November 30 - December 27,34.3,31.1,37.6,1753
covid,hi,November 30 - December 27,41.8,35.7,47.9,383
covid,de,November 30 - December 27,37.9,33.4,42.4,627
covid,ar,November 30 - December 27,27.4,23.4,31.5,615
covid,in,November 30 - December 27,29.5,23.8,35.1,313
covid,ok,November 30 - December 27,31.2,27.2,35.2,653
covid,mn,November 30 - December 27,36.6,30.4,42.7,309
covid,ct,November 30 - December 27,42.7,38.6,46.7,837
covid,tn,November 30 - December 27,30.6,26.1,35.1,511
covid,nm,November 30 - December 27,40.0,34.6,45.4,545
covid,id,November 30 - December 27,26.6,22.9,30.3,671
covid,mt,November 30 - December 27,30.7,27.3,34.1,929
covid,ks,November 30 - December 27,28.1,18.2,37.9,111
covid,pa,November 30 - December 27,34.4,30.2,38.6,1406
covid,me,November 30 - December 27,34.1,30.0,38.2,651
covid,az,November 30 - December 27,34.7,27.2,42.1,313
covid,wv,November 30 - December 27,33.9,29.8,38.0,752
covid,nv,November 30 - December 27,32.5,28.7,36.3,752
covid,md,November 30 - December 27,49.4,41.6,57.1,283
covid,ne,November 30 - December 27,28.5,23.5,33.5,355
covid,la,November 30 - December 27,34.7,29.1,40.3,443
covid,wy,November 30 - December 27,24.7,21.5,27.9,914
covid,nj,November 30 - December 27,35.1,30.7,39.5,650
covid,ga,November 30 - December 27,32.1,22.2,41.9,176
covid,nc,November 30 - December 27,41.2,34.9,47.4,378
covid,fl,November 30 - December 27,33.4,28.6,38.3,711
covid,oh,November 30 - December 27,26.7,18.8,34.6,200
covid,ia,November 30 - December 27,28.4,24.1,32.8,514
covid,mi,November 30 - December 27,34.0,29.3,38.6,500
covid,wi,November 30 - December 27,29.1,25.3,33.0,660
covid,wa,November 30 - December 27,35.8,26.4,45.2,212
