disease,state,window,epiweeks,burden_mean,burden_max,nweeks
flu,ak,October 1 - October 25,202540-202543,0.2025,0.29,4
flu,al,October 1 - October 25,202540-202543,0.2525,0.29,4
flu,ar,October 1 - October 25,202540-202543,0.0775,0.09,4
flu,az,October 1 - October 25,202540-202543,0.09,0.11,4
flu,ca,October 1 - October 25,202540-202543,0.14750000000000002,0.16,4
flu,co,October 1 - October 25,202540-202543,0.12,0.17,4
flu,ct,October 1 - October 25,202540-202543,0.07500000000000001,0.1,4
flu,dc,October 1 - October 25,202540-202543,0.13,0.14,4
flu,de,October 1 - October 25,202540-202543,0.09000000000000001,0.1,4
flu,fl,October 1 - October 25,202540-202543,0.52,0.61,4
flu,ga,October 1 - October 25,202540-202543,0.12000000000000001,0.19,4
flu,hi,October 1 - October 25,202540-202543,0.475,0.73,4
flu,ia,October 1 - October 25,202540-202543,0.06,0.07,4
flu,id,October 1 - October 25,202540-202543,0.105,0.14,4
flu,il,October 1 - October 25,202540-202543,0.0925,0.11,4
flu,in,October 1 - October 25,202540-202543,0.08,0.1,4
flu,ks,October 1 - October 25,202540-202543,0.10500000000000001,0.14,4
flu,ky,October 1 - October 25,202540-202543,0.11499999999999999,0.14,4
flu,la,October 1 - October 25,202540-202543,0.47750000000000004,0.62,4
flu,ma,October 1 - October 25,202540-202543,0.07500000000000001,0.09,4
flu,md,October 1 - October 25,202540-202543,0.125,0.18,4
flu,me,October 1 - October 25,202540-202543,0.09250000000000001,0.14,4
flu,mi,October 1 - October 25,202540-202543,0.0625,0.08,4
flu,mn,October 1 - October 25,202540-202543,0.09,0.11,4
flu,mo,October 1 - October 25,202540-202543,0.0825,0.11,4
flu,ms,October 1 - October 25,202540-202543,0.2175,0.24,4
flu,mt,October 1 - October 25,202540-202543,0.085,0.16,4
flu,nc,October 1 - October 25,202540-202543,0.6625,0.73,4
flu,nd,October 1 - October 25,202540-202543,0.030000000000000002,0.05,4
flu,ne,October 1 - October 25,202540-202543,0.02,0.03,4
flu,nh,October 1 - October 25,202540-202543,0.1275,0.15,4
flu,nj,October 1 - October 25,202540-202543,0.165,0.18,4
flu,nm,October 1 - October 25,202540-202543,0.1225,0.16,4
flu,nv,October 1 - October 25,202540-202543,0.14750000000000002,0.17,4
flu,ny,October 1 - October 25,202540-202543,0.0775,0.12,4
flu,oh,October 1 - October 25,202540-202543,0.0675,0.08,4
flu,ok,October 1 - October 25,202540-202543,0.0775,0.12,4
flu,or,October 1 - October 25,202540-202543,0.09,0.12,4
flu,pa,October 1 - October 25,202540-202543,0.07250000000000001,0.08,4
flu,ri,October 1 - October 25,202540-202543,0.0675,0.07,4
flu,sc,October 1 - October 25,202540-202543,0.1375,0.16,4
flu,sd,October 1 - October 25,202540-202543,0.0875,0.15,4
flu,tn,October 1 - October 25,202540-202543,0.16999999999999998,0.2,4
flu,tx,October 1 - October 25,202540-202543,0.325,0.37,4
flu,ut,October 1 - October 25,202540-202543,0.125,0.15,4
flu,va,October 1 - October 25,202540-202543,0.12,0.15,4
flu,vt,October 1 - October 25,202540-202543,0.05,0.08,4
flu,wa,October 1 - October 25,202540-202543,0.17,0.24,4
flu,wi,October 1 - October 25,202540-202543,0.08499999999999999,0.11,4
flu,wv,October 1 - October 25,202540-202543,0.065,0.1,4
flu,wy,October 1 - October 25,202540-202543,0.095,0.2,4
flu,ak,October 26 - November 29,202544-202548,0.608,1.79,5
flu,al,October 26 - November 29,202544-202548,0.734,1.17,5
flu,ar,October 26 - November 29,202544-202548,0.346,0.52,5
flu,az,October 26 - November 29,202544-202548,0.318,0.53,5
flu,ca,October 26 - November 29,202544-202548,0.278,0.39,5
flu,co,October 26 - November 29,202544-202548,1.154,2.4,5
flu,ct,October 26 - November 29,202544-202548,0.6759999999999999,1.88,5
flu,dc,October 26 - November 29,202544-202548,0.654,1.71,5
flu,de,October 26 - November 29,202544-202548,0.37399999999999994,0.82,5
flu,fl,October 26 - November 29,202544-202548,1.4600000000000002,2.44,5
flu,ga,October 26 - November 29,202544-202548,0.626,1.2,5
flu,hi,October 26 - November 29,202544-202548,2.662,4.74,5
flu,ia,October 26 - November 29,202544-202548,0.172,0.36,5
flu,id,October 26 - November 29,202544-202548,0.764,1.49,5
flu,il,October 26 - November 29,202544-202548,0.438,0.87,5
flu,in,October 26 - November 29,202544-202548,0.402,0.91,5
flu,ks,October 26 - November 29,202544-202548,0.194,0.32,5
flu,ky,October 26 - November 29,202544-202548,0.394,0.87,5
flu,la,October 26 - November 29,202544-202548,1.832,3.11,5
flu,ma,October 26 - November 29,202544-202548,0.394,0.95,5
flu,md,October 26 - November 29,202544-202548,0.818,1.87,5
flu,me,October 26 - November 29,202544-202548,0.256,0.52,5
flu,mi,October 26 - November 29,202544-202548,0.406,0.92,5
flu,mn,October 26 - November 29,202544-202548,0.5660000000000001,1.44,5
flu,mo,October 26 - November 29,202544-202548,0.31599999999999995,0.58,5
flu,ms,October 26 - November 29,202544-202548,0.7540000000000001,1.03,5
flu,mt,October 26 - November 29,202544-202548,0.398,1.02,5
flu,nc,October 26 - November 29,202544-202548,1.3579999999999999,2.27,5
flu,nd,October 26 - November 29,202544-202548,0.21799999999999997,0.7,5
flu,ne,October 26 - November 29,202544-202548,0.11400000000000002,0.2,5
flu,nh,October 26 - November 29,202544-202548,0.356,0.73,5
flu,nj,October 26 - November 29,202544-202548,0.782,1.87,5
flu,nm,October 26 - November 29,202544-202548,0.47400000000000003,1.0,5
flu,nv,October 26 - November 29,202544-202548,0.3,0.36,5
flu,ny,October 26 - November 29,202544-202548,0.998,2.69,5
flu,oh,October 26 - November 29,202544-202548,0.304,0.69,5
flu,ok,October 26 - November 29,202544-202548,0.154,0.24,5
flu,or,October 26 - November 29,202544-202548,0.312,0.61,5
flu,pa,October 26 - November 29,202544-202548,0.386,0.86,5
flu,ri,October 26 - November 29,202544-202548,0.42200000000000004,1.05,5
flu,sc,October 26 - November 29,202544-202548,0.484,0.92,5
flu,sd,October 26 - November 29,202544-202548,0.04,0.07,5
flu,tn,October 26 - November 29,202544-202548,0.44399999999999995,0.7,5
flu,tx,October 26 - November 29,202544-202548,1.5379999999999998,2.76,5
flu,ut,October 26 - November 29,202544-202548,0.6799999999999999,1.39,5
flu,va,October 26 - November 29,202544-202548,0.624,1.38,5
flu,vt,October 26 - November 29,202544-202548,0.31,0.48,5
flu,wa,October 26 - November 29,202544-202548,0.48599999999999993,0.82,5
flu,wi,October 26 - November 29,202544-202548,0.274,0.63,5
flu,wv,October 26 - November 29,202544-202548,0.198,0.35,5
flu,wy,October 26 - November 29,202544-202548,0.514,1.15,5
flu,ak,November 30 - December 27,202549-202552,6.005,11.25,4
flu,al,November 30 - December 27,202549-202552,5.52,10.78,4
flu,ar,November 30 - December 27,202549-202552,3.4375,7.18,4
flu,az,November 30 - December 27,202549-202552,1.9625,3.86,4
flu,ca,November 30 - December 27,202549-202552,1.4075,2.71,4
flu,co,November 30 - December 27,202549-202552,5.965,9.61,4
flu,ct,November 30 - December 27,202549-202552,7.6499999999999995,12.02,4
flu,dc,November 30 - December 27,202549-202552,5.12,8.6,4
flu,de,November 30 - December 27,202549-202552,4.3075,9.33,4
flu,fl,November 30 - December 27,202549-202552,4.2175,6.68,4
flu,ga,November 30 - December 27,202549-202552,4.9775,9.8,4
flu,hi,November 30 - December 27,202549-202552,7.0075,9.26,4
flu,ia,November 30 - December 27,202549-202552,2.9,7.41,4
flu,id,November 30 - December 27,202549-202552,3.915,7.34,4
flu,il,November 30 - December 27,202549-202552,4.31,9.04,4
flu,in,November 30 - December 27,202549-202552,4.285,8.78,4
flu,ks,November 30 - December 27,202549-202552,3.075,7.15,4
flu,ky,November 30 - December 27,202549-202552,3.6075,7.84,4
flu,la,November 30 - December 27,202549-202552,6.4525,10.52,4
flu,ma,November 30 - December 27,202549-202552,5.297499999999999,10.35,4
flu,md,November 30 - December 27,202549-202552,6.3725000000000005,11.26,4
flu,me,November 30 - December 27,202549-202552,3.345,7.5,4
flu,mi,November 30 - December 27,202549-202552,4.109999999999999,8.1,4
flu,mn,November 30 - December 27,202549-202552,6.8774999999999995,12.56,4
flu,mo,November 30 - December 27,202549-202552,3.7750000000000004,8.91,4
flu,ms,November 30 - December 27,202549-202552,3.21,5.94,4
flu,mt,November 30 - December 27,202549-202552,3.045,6.21,4
flu,nc,November 30 - December 27,202549-202552,9.252500000000001,17.49,4
flu,nd,November 30 - December 27,202549-202552,3.85,8.3,4
flu,ne,November 30 - December 27,202549-202552,1.835,4.16,4
flu,nh,November 30 - December 27,202549-202552,4.3149999999999995,9.57,4
flu,nj,November 30 - December 27,202549-202552,6.989999999999999,11.2,4
flu,nm,November 30 - December 27,202549-202552,5.300000000000001,11.47,4
flu,nv,November 30 - December 27,202549-202552,2.8499999999999996,5.47,4
flu,ny,November 30 - December 27,202549-202552,6.7775,9.4,4
flu,oh,November 30 - December 27,202549-202552,4.125,8.7,4
flu,ok,November 30 - December 27,202549-202552,1.89,4.31,4
flu,or,November 30 - December 27,202549-202552,1.235,2.24,4
flu,pa,November 30 - December 27,202549-202552,3.3775,6.92,4
flu,ri,November 30 - December 27,202549-202552,4.8875,9.0,4
flu,sc,November 30 - December 27,202549-202552,5.03,10.21,4
flu,sd,November 30 - December 27,202549-202552,1.69,4.67,4
flu,tn,November 30 - December 27,202549-202552,3.88,8.6,4
flu,tx,November 30 - December 27,202549-202552,5.9625,9.8,4
flu,ut,November 30 - December 27,202549-202552,4.8475,9.25,4
flu,va,November 30 - December 27,202549-202552,4.8325,10.17,4
flu,vt,November 30 - December 27,202549-202552,2.6174999999999997,6.38,4
flu,wa,November 30 - December 27,202549-202552,1.9874999999999998,3.44,4
flu,wi,November 30 - December 27,202549-202552,4.2725,9.14,4
flu,wv,November 30 - December 27,202549-202552,2.2375,5.16,4
flu,wy,November 30 - December 27,202549-202552,3.5725,7.13,4
flu,ak,December 28 - January 31,202601-202605,4.564,6.72,5
flu,al,December 28 - January 31,202601-202605,5.18,7.2,5
flu,ar,December 28 - January 31,202601-202605,4.348,5.81,5
flu,az,December 28 - January 31,202601-202605,2.5140000000000002,3.77,5
flu,ca,December 28 - January 31,202601-202605,3.3400000000000007,4.58,5
flu,co,December 28 - January 31,202601-202605,2.5479999999999996,4.29,5
flu,ct,December 28 - January 31,202601-202605,2.322,4.48,5
flu,dc,December 28 - January 31,202601-202605,2.5520000000000005,5.11,5
flu,de,December 28 - January 31,202601-202605,4.014,5.55,5
flu,fl,December 28 - January 31,202601-202605,4.404,5.31,5
flu,ga,December 28 - January 31,202601-202605,2.354,3.15,5
flu,hi,December 28 - January 31,202601-202605,3.308,5.38,5
flu,ia,December 28 - January 31,202601-202605,5.5280000000000005,5.98,5
flu,id,December 28 - January 31,202601-202605,3.1959999999999997,3.73,5
flu,il,December 28 - January 31,202601-202605,3.376,4.38,5
flu,in,December 28 - January 31,202601-202605,3.2359999999999998,3.92,5
flu,ks,December 28 - January 31,202601-202605,4.92,5.5,5
flu,ky,December 28 - January 31,202601-202605,3.6340000000000003,4.22,5
flu,la,December 28 - January 31,202601-202605,4.526,5.1,5
flu,ma,December 28 - January 31,202601-202605,3.056,5.67,5
flu,md,December 28 - January 31,202601-202605,2.5479999999999996,5.17,5
flu,me,December 28 - January 31,202601-202605,3.682,4.88,5
flu,mi,December 28 - January 31,202601-202605,3.084,4.13,5
flu,mn,December 28 - January 31,202601-202605,3.7739999999999996,6.07,5
flu,mo,December 28 - January 31,202601-202605,4.836,5.42,5
flu,ms,December 28 - January 31,202601-202605,3.598,5.27,5
flu,mt,December 28 - January 31,202601-202605,3.496,3.85,5
flu,nc,December 28 - January 31,202601-202605,4.536,7.24,5
flu,nd,December 28 - January 31,202601-202605,3.618,4.88,5
flu,ne,December 28 - January 31,202601-202605,3.0599999999999996,3.61,5
flu,nh,December 28 - January 31,202601-202605,4.1579999999999995,6.26,5
flu,nj,December 28 - January 31,202601-202605,2.7,5.19,5
flu,nm,December 28 - January 31,202601-202605,3.6480000000000006,4.75,5
flu,nv,December 28 - January 31,202601-202605,2.364,2.77,5
flu,ny,December 28 - January 31,202601-202605,1.6480000000000001,3.34,5
flu,oh,December 28 - January 31,202601-202605,3.528,4.4,5
flu,ok,December 28 - January 31,202601-202605,3.4200000000000004,4.45,5
flu,or,December 28 - January 31,202601-202605,4.804,7.24,5
flu,pa,December 28 - January 31,202601-202605,2.774,4.16,5
flu,ri,December 28 - January 31,202601-202605,2.2560000000000002,4.55,5
flu,sc,December 28 - January 31,202601-202605,3.5260000000000007,4.25,5
flu,sd,December 28 - January 31,202601-202605,4.588,5.24,5
flu,tn,December 28 - January 31,202601-202605,3.439999999999999,4.31,5
flu,tx,December 28 - January 31,202601-202605,4.06,4.71,5
flu,ut,December 28 - January 31,202601-202605,3.3939999999999997,4.2,5
flu,va,December 28 - January 31,202601-202605,3.79,5.52,5
flu,vt,December 28 - January 31,202601-202605,4.27,5.22,5
flu,wa,December 28 - January 31,202601-202605,4.388,5.36,5
flu,wi,December 28 - January 31,202601-202605,3.9840000000000004,5.24,5
flu,wv,December 28 - January 31,202601-202605,4.072,4.78,5
flu,wy,December 28 - January 31,202601-202605,2.468,4.11,5
covid,ak,October 1 - October 25,202540-202543,0.3925,0.54,4
covid,al,October 1 - October 25,202540-202543,0.3475,0.49,4
covid,ar,October 1 - October 25,202540-202543,0.525,0.61,4
covid,az,October 1 - October 25,202540-202543,0.5275000000000001,0.64,4
covid,ca,October 1 - October 25,202540-202543,0.49750000000000005,0.77,4
covid,co,October 1 - October 25,202540-202543,0.39749999999999996,0.51,4
covid,ct,October 1 - October 25,202540-202543,0.565,0.82,4
covid,dc,October 1 - October 25,202540-202543,0.22749999999999998,0.29,4
covid,de,October 1 - October 25,202540-202543,0.4575,0.59,4
covid,fl,October 1 - October 25,202540-202543,0.42250000000000004,0.6,4
covid,ga,October 1 - October 25,202540-202543,0.2775,0.31,4
covid,hi,October 1 - October 25,202540-202543,0.47,0.6,4
covid,ia,October 1 - October 25,202540-202543,0.42500000000000004,0.59,4
covid,id,October 1 - October 25,202540-202543,0.7050000000000001,0.79,4
covid,il,October 1 - October 25,202540-202543,0.34750000000000003,0.48,4
covid,in,October 1 - October 25,202540-202543,0.34,0.38,4
covid,ks,October 1 - October 25,202540-202543,0.295,0.44,4
covid,ky,October 1 - October 25,202540-202543,0.425,0.58,4
covid,la,October 1 - October 25,202540-202543,0.4125,0.55,4
covid,ma,October 1 - October 25,202540-202543,0.515,0.71,4
covid,md,October 1 - October 25,202540-202543,0.42000000000000004,0.65,4
covid,me,October 1 - October 25,202540-202543,0.47750000000000004,0.57,4
covid,mi,October 1 - October 25,202540-202543,0.3375,0.48,4
covid,mn,October 1 - October 25,202540-202543,0.3875,0.53,4
covid,mo,October 1 - October 25,202540-202543,0.36000000000000004,0.46,4
covid,ms,October 1 - October 25,202540-202543,0.6025,0.75,4
covid,mt,October 1 - October 25,202540-202543,0.65,0.79,4
covid,nc,October 1 - October 25,202540-202543,0.5275,0.8,4
covid,nd,October 1 - October 25,202540-202543,0.17,0.22,4
covid,ne,October 1 - October 25,202540-202543,0.17500000000000002,0.22,4
covid,nh,October 1 - October 25,202540-202543,0.5725,0.64,4
covid,nj,October 1 - October 25,202540-202543,0.43500000000000005,0.59,4
covid,nm,October 1 - October 25,202540-202543,0.5725,0.66,4
covid,nv,October 1 - October 25,202540-202543,0.39,0.52,4
covid,ny,October 1 - October 25,202540-202543,0.39,0.51,4
covid,oh,October 1 - October 25,202540-202543,0.27,0.32,4
covid,ok,October 1 - October 25,202540-202543,0.28,0.38,4
covid,or,October 1 - October 25,202540-202543,0.7975,1.04,4
covid,pa,October 1 - October 25,202540-202543,0.3325,0.42,4
covid,ri,October 1 - October 25,202540-202543,0.45,0.65,4
covid,sc,October 1 - October 25,202540-202543,0.45499999999999996,0.59,4
covid,sd,October 1 - October 25,202540-202543,0.36750000000000005,0.42,4
covid,tn,October 1 - October 25,202540-202543,0.4375,0.54,4
covid,tx,October 1 - October 25,202540-202543,0.41000000000000003,0.57,4
covid,ut,October 1 - October 25,202540-202543,0.3925,0.52,4
covid,va,October 1 - October 25,202540-202543,0.3875,0.49,4
covid,vt,October 1 - October 25,202540-202543,0.6275,0.76,4
covid,wa,October 1 - October 25,202540-202543,0.7325,1.09,4
covid,wi,October 1 - October 25,202540-202543,0.34500000000000003,0.5,4
covid,wv,October 1 - October 25,202540-202543,0.5225,0.57,4
covid,wy,October 1 - October 25,202540-202543,0.63,0.78,4
covid,ak,October 26 - November 29,202544-202548,0.33399999999999996,0.46,5
covid,al,October 26 - November 29,202544-202548,0.258,0.28,5
covid,ar,October 26 - November 29,202544-202548,0.45,0.52,5
covid,az,October 26 - November 29,202544-202548,0.526,0.59,5
covid,ca,October 26 - November 29,202544-202548,0.16399999999999998,0.24,5
covid,co,October 26 - November 29,202544-202548,0.392,0.54,5
covid,ct,October 26 - November 29,202544-202548,0.46799999999999997,0.67,5
covid,dc,October 26 - November 29,202544-202548,0.156,0.27,5
covid,de,October 26 - November 29,202544-202548,0.31399999999999995,0.37,5
covid,fl,October 26 - November 29,202544-202548,0.22999999999999998,0.25,5
covid,ga,October 26 - November 29,202544-202548,0.23199999999999998,0.26,5
covid,hi,October 26 - November 29,202544-202548,0.182,0.23,5
covid,ia,October 26 - November 29,202544-202548,0.354,0.48,5
covid,id,October 26 - November 29,202544-202548,0.484,0.55,5
covid,il,October 26 - November 29,202544-202548,0.394,0.58,5
covid,in,October 26 - November 29,202544-202548,0.532,0.74,5
covid,ks,October 26 - November 29,202544-202548,0.29000000000000004,0.33,5
covid,ky,October 26 - November 29,202544-202548,0.504,0.65,5
covid,la,October 26 - November 29,202544-202548,0.29200000000000004,0.35,5
covid,ma,October 26 - November 29,202544-202548,0.462,0.64,5
covid,md,October 26 - November 29,202544-202548,0.262,0.33,5
covid,me,October 26 - November 29,202544-202548,0.43199999999999994,0.59,5
covid,mi,October 26 - November 29,202544-202548,0.366,0.55,5
covid,mn,October 26 - November 29,202544-202548,0.378,0.52,5
covid,mo,October 26 - November 29,202544-202548,0.40199999999999997,0.46,5
covid,ms,October 26 - November 29,202544-202548,0.634,0.74,5
covid,mt,October 26 - November 29,202544-202548,0.562,0.61,5
covid,nc,October 26 - November 29,202544-202548,0.316,0.35,5
covid,nd,October 26 - November 29,202544-202548,0.21800000000000003,0.45,5
covid,ne,October 26 - November 29,202544-202548,0.196,0.25,5
covid,nh,October 26 - November 29,202544-202548,0.476,0.59,5
covid,nj,October 26 - November 29,202544-202548,0.346,0.4,5
covid,nm,October 26 - November 29,202544-202548,0.744,0.99,5
covid,nv,October 26 - November 29,202544-202548,0.28,0.31,5
covid,ny,October 26 - November 29,202544-202548,0.31800000000000006,0.38,5
covid,oh,October 26 - November 29,202544-202548,0.43599999999999994,0.57,5
covid,ok,October 26 - November 29,202544-202548,0.266,0.34,5
covid,or,October 26 - November 29,202544-202548,0.366,0.51,5
covid,pa,October 26 - November 29,202544-202548,0.386,0.53,5
covid,ri,October 26 - November 29,202544-202548,0.348,0.53,5
covid,sc,October 26 - November 29,202544-202548,0.29600000000000004,0.34,5
covid,sd,October 26 - November 29,202544-202548,0.506,0.61,5
covid,tn,October 26 - November 29,202544-202548,0.5399999999999999,0.59,5
covid,tx,October 26 - November 29,202544-202548,0.266,0.27,5
covid,ut,October 26 - November 29,202544-202548,0.298,0.32,5
covid,va,October 26 - November 29,202544-202548,0.34199999999999997,0.36,5
covid,vt,October 26 - November 29,202544-202548,0.618,0.78,5
covid,wa,October 26 - November 29,202544-202548,0.294,0.39,5
covid,wi,October 26 - November 29,202544-202548,0.318,0.41,5
covid,wv,October 26 - November 29,202544-202548,0.6220000000000001,0.87,5
covid,wy,October 26 - November 29,202544-202548,0.434,0.66,5
covid,ak,November 30 - December 27,202549-202552,0.345,0.45,4
covid,al,November 30 - December 27,202549-202552,0.44999999999999996,0.66,4
covid,ar,November 30 - December 27,202549-202552,0.8425,1.25,4
covid,az,November 30 - December 27,202549-202552,0.435,0.51,4
covid,ca,November 30 - December 27,202549-202552,0.15500000000000003,0.18,4
covid,co,November 30 - December 27,202549-202552,0.6425,0.75,4
covid,ct,November 30 - December 27,202549-202552,0.935,1.17,4
covid,dc,November 30 - December 27,202549-202552,0.205,0.26,4
covid,de,November 30 - December 27,202549-202552,0.5750000000000001,0.87,4
covid,fl,November 30 - December 27,202549-202552,0.2475,0.28,4
covid,ga,November 30 - December 27,202549-202552,0.3275,0.49,4
covid,hi,November 30 - December 27,202549-202552,0.12,0.13,4
covid,ia,November 30 - December 27,202549-202552,0.965,1.69,4
covid,id,November 30 - December 27,202549-202552,0.5825,0.68,4
covid,il,November 30 - December 27,202549-202552,1.1775000000000002,1.85,4
covid,in,November 30 - December 27,202549-202552,1.3324999999999998,1.93,4
covid,ks,November 30 - December 27,202549-202552,0.8175,1.25,4
covid,ky,November 30 - December 27,202549-202552,1.0550000000000002,1.56,4
covid,la,November 30 - December 27,202549-202552,0.335,0.43,4
covid,ma,November 30 - December 27,202549-202552,0.895,1.22,4
covid,md,November 30 - December 27,202549-202552,0.46499999999999997,0.62,4
covid,me,November 30 - December 27,202549-202552,1.0,1.68,4
covid,mi,November 30 - December 27,202549-202552,1.09,1.62,4
covid,mn,November 30 - December 27,202549-202552,0.88,1.23,4
covid,mo,November 30 - December 27,202549-202552,0.9675,1.58,4
covid,ms,November 30 - December 27,202549-202552,0.7949999999999999,0.97,4
covid,mt,November 30 - December 27,202549-202552,0.835,1.05,4
covid,nc,November 30 - December 27,202549-202552,0.4625,0.65,4
covid,nd,November 30 - December 27,202549-202552,0.7575000000000001,1.37,4
covid,ne,November 30 - December 27,202549-202552,0.6799999999999999,1.3,4
covid,nh,November 30 - December 27,202549-202552,0.895,1.22,4
covid,nj,November 30 - December 27,202549-202552,0.5900000000000001,0.8,4
covid,nm,November 30 - December 27,202549-202552,1.3925,1.94,4
covid,nv,November 30 - December 27,202549-202552,0.28250000000000003,0.31,4
covid,ny,November 30 - December 27,202549-202552,0.5325,0.69,4
covid,oh,November 30 - December 27,202549-202552,1.18,1.79,4
covid,ok,November 30 - December 27,202549-202552,0.74,1.18,4
covid,or,November 30 - December 27,202549-202552,0.20750000000000002,0.23,4
covid,pa,November 30 - December 27,202549-202552,0.8325,1.29,4
covid,ri,November 30 - December 27,202549-202552,0.7425,0.91,4
covid,sc,November 30 - December 27,202549-202552,0.4775,0.69,4
covid,sd,November 30 - December 27,202549-202552,0.7649999999999999,1.14,4
covid,tn,November 30 - December 27,202549-202552,0.8875,1.21,4
covid,tx,November 30 - December 27,202549-202552,0.39999999999999997,0.48,4
covid,ut,November 30 - December 27,202549-202552,0.3375,0.49,4
covid,va,November 30 - December 27,202549-202552,0.4925,0.74,4
covid,vt,November 30 - December 27,202549-202552,0.9025,1.17,4
covid,wa,November 30 - December 27,202549-202552,0.215,0.23,4
covid,wi,November 30 - December 27,202549-202552,0.8574999999999999,1.39,4
covid,wv,November 30 - December 27,202549-202552,1.5375,2.55,4
covid,wy,November 30 - December 27,202549-202552,0.74,1.01,4
covid,ak,December 28 - January 31,202601-202605,0.326,0.46,5
covid,al,December 28 - January 31,202601-202605,0.48599999999999993,0.57,5
covid,ar,December 28 - January 31,202601-202605,0.67,0.76,5
covid,az,December 28 - January 31,202601-202605,0.34400000000000003,0.42,5
covid,ca,December 28 - January 31,202601-202605,0.15600000000000003,0.16,5
covid,co,December 28 - January 31,202601-202605,0.7000000000000001,0.79,5
covid,ct,December 28 - January 31,202601-202605,0.9420000000000002,1.11,5
covid,dc,December 28 - January 31,202601-202605,0.434,0.52,5
covid,de,December 28 - January 31,202601-202605,0.978,1.18,5
covid,fl,December 28 - January 31,202601-202605,0.322,0.38,5
covid,ga,December 28 - January 31,202601-202605,0.37999999999999995,0.41,5
covid,hi,December 28 - January 31,202601-202605,0.186,0.22,5
covid,ia,December 28 - January 31,202601-202605,1.584,1.77,5
covid,id,December 28 - January 31,202601-202605,0.538,0.62,5
covid,il,December 28 - January 31,202601-202605,1.544,1.9,5
covid,in,December 28 - January 31,202601-202605,1.342,1.71,5
covid,ks,December 28 - January 31,202601-202605,0.924,1.17,5
covid,ky,December 28 - January 31,202601-202605,1.136,1.25,5
covid,la,December 28 - January 31,202601-202605,0.41200000000000003,0.46,5
covid,ma,December 28 - January 31,202601-202605,0.9480000000000001,1.13,5
covid,md,December 28 - January 31,202601-202605,0.6719999999999999,0.81,5
covid,me,December 28 - January 31,202601-202605,1.2719999999999998,1.46,5
covid,mi,December 28 - January 31,202601-202605,1.406,1.71,5
covid,mn,December 28 - January 31,202601-202605,0.9940000000000001,1.16,5
covid,mo,December 28 - January 31,202601-202605,1.1600000000000001,1.33,5
covid,ms,December 28 - January 31,202601-202605,0.718,0.78,5
covid,mt,December 28 - January 31,202601-202605,0.982,1.16,5
covid,nc,December 28 - January 31,202601-202605,0.538,0.61,5
covid,nd,December 28 - January 31,202601-202605,1.116,1.34,5
covid,ne,December 28 - January 31,202601-202605,0.852,0.95,5
covid,nh,December 28 - January 31,202601-202605,1.1199999999999999,1.28,5
covid,nj,December 28 - January 31,202601-202605,0.684,0.75,5
covid,nm,December 28 - January 31,202601-202605,0.982,1.18,5
covid,nv,December 28 - January 31,202601-202605,0.23600000000000004,0.28,5
covid,ny,December 28 - January 31,202601-202605,0.546,0.62,5
covid,oh,December 28 - January 31,202601-202605,1.278,1.63,5
covid,ok,December 28 - January 31,202601-202605,1.1440000000000001,1.25,5
covid,or,December 28 - January 31,202601-202605,0.21799999999999997,0.26,5
covid,pa,December 28 - January 31,202601-202605,0.9640000000000001,1.22,5
covid,ri,December 28 - January 31,202601-202605,0.86,1.31,5
covid,sc,December 28 - January 31,202601-202605,0.506,0.6,5
covid,sd,December 28 - January 31,202601-202605,1.51,1.68,5
covid,tn,December 28 - January 31,202601-202605,0.6859999999999999,0.88,5
covid,tx,December 28 - January 31,202601-202605,0.356,0.37,5
covid,ut,December 28 - January 31,202601-202605,0.338,0.41,5
covid,va,December 28 - January 31,202601-202605,0.738,0.87,5
covid,vt,December 28 - January 31,202601-202605,0.9620000000000001,1.19,5
covid,wa,December 28 - January 31,202601-202605,0.27,0.3,5
covid,wi,December 28 - January 31,202601-202605,1.444,1.57,5
covid,wv,December 28 - January 31,202601-202605,1.8419999999999999,2.15,5
covid,wy,December 28 - January 31,202601-202605,0.9279999999999999,1.08,5
