state,window,concern_pct,ci_low,ci_high,sample_size,suppressed
ok,October 1 - October 25,28.6,25.1,32.2,684,0
wi,October 1 - October 25,30.7,26.3,35.1,566,0
nm,October 1 - October 25,32.5,28.0,37.0,514,0
or,October 1 - October 25,30.4,26.5,34.3,600,0
hi,October 1 - October 25,34.5,30.6,38.3,879,0
ct,October 1 - October 25,34.8,30.4,39.2,600,0
mi,October 1 - October 25,30.6,25.5,35.7,510,0
ut,October 1 - October 25,24.7,13.9,35.4,133,0
de,October 1 - October 25,30.7,26.7,34.7,701,0
tn,October 1 - October 25,29.4,26.3,32.6,1006,0
ne,October 1 - October 25,26.2,22.5,30.0,632,0
al,October 1 - October 25,30.1,26.9,33.3,1115,0
wv,October 1 - October 25,31.1,27.5,34.7,866,0
ny,October 1 - October 25,32.6,27.7,37.5,697,0
va,October 1 - October 25,37.6,34.0,41.1,990,0
tx,October 1 - October 25,29.6,26.6,32.7,2772,0
il,October 1 - October 25,32.2,29.4,34.9,1852,0
sc,October 1 - October 25,30.7,27.3,34.2,982,0
nj,October 1 - October 25,34.3,30.6,37.9,863,0
ms,October 1 - October 25,30.5,26.3,34.7,698,0
ky,October 1 - October 25,25.1,20.0,30.2,425,0
vt,October 1 - October 25,36.3,30.3,42.3,399,0
ks,October 1 - October 25,26.7,21.4,32.1,321,0
mn,October 1 - October 25,26.8,23.5,30.1,818,0
nv,October 1 - October 25,34.2,28.5,39.8,375,0
ia,October 1 - October 25,26.0,21.8,30.2,492,0
oh,October 1 - October 25,29.8,22.1,37.5,307,0
sd,October 1 - October 25,25.9,22.5,29.4,776,0
ma,October 1 - October 25,29.4,25.9,32.9,858,0
me,October 1 - October 25,32.5,28.9,36.1,828,0
ak,October 1 - October 25,28.9,23.8,33.9,417,0
nh,October 1 - October 25,34.3,30.6,38.0,942,0
mo,October 1 - October 25,30.8,21.9,39.8,222,0
ar,October 1 - October 25,29.4,24.6,34.1,726,0
ga,October 1 - October 25,26.7,21.3,32.1,513,0
pa,October 1 - October 25,31.3,28.6,34.0,2099,0
nd,October 1 - October 25,27.6,23.7,31.5,641,0
in,October 1 - October 25,28.1,24.0,32.1,570,0
mt,October 1 - October 25,29.9,26.3,33.5,792,0
la,October 1 - October 25,28.2,24.3,32.2,747,0
wa,October 1 - October 25,37.5,28.8,46.2,243,0
ri,October 1 - October 25,30.1,25.8,34.3,563,0
co,October 1 - October 25,31.1,27.0,35.3,599,0
ca,October 1 - October 25,33.2,29.4,37.1,1005,0
az,October 1 - October 25,26.9,20.7,33.0,372,0
dc,October 1 - October 25,37.9,34.3,41.5,1020,0
nc,October 1 - October 25,29.1,24.8,33.5,589,0
wy,October 1 - October 25,23.0,18.9,27.1,499,0
fl,October 1 - October 25,29.1,24.4,33.8,795,0
md,October 1 - October 25,37.8,30.7,44.8,388,0
id,October 1 - October 25,27.0,22.7,31.3,473,0
co,October 26 - November 29,23.6,19.6,27.5,542,0
ga,October 26 - November 29,27.6,21.0,34.2,406,0
wi,October 26 - November 29,26.5,23.1,29.9,832,0
ok,October 26 - November 29,26.7,23.4,29.9,900,0
ar,October 26 - November 29,25.1,21.9,28.3,1082,0
ca,October 26 - November 29,29.0,24.8,33.2,897,0
id,October 26 - November 29,21.3,15.6,26.9,255,0
ri,October 26 - November 29,31.4,27.2,35.6,688,0
oh,October 26 - November 29,20.3,14.0,26.5,304,0
az,October 26 - November 29,27.0,22.0,32.1,571,0
mo,October 26 - November 29,29.8,21.2,38.4,223,0
ms,October 26 - November 29,28.6,24.1,33.1,555,0
ks,October 26 - November 29,25.4,21.0,29.7,468,0
nc,October 26 - November 29,29.2,25.1,33.3,729,0
hi,October 26 - November 29,33.5,29.8,37.1,1021,0
sd,October 26 - November 29,25.7,21.9,29.5,617,0
ma,October 26 - November 29,31.9,28.5,35.3,1052,0
ak,October 26 - November 29,23.4,19.7,27.2,586,0
mt,October 26 - November 29,24.6,21.3,27.9,845,0
md,October 26 - November 29,27.2,20.9,33.5,453,0
nh,October 26 - November 29,29.3,26.1,32.5,1066,0
me,October 26 - November 29,29.9,27.2,32.6,1411,0
nd,October 26 - November 29,22.9,19.1,26.7,584,0
ne,October 26 - November 29,23.7,20.7,26.7,962,0
fl,October 26 - November 29,25.6,21.7,29.5,959,0
or,October 26 - November 29,27.2,23.1,31.3,474,0
vt,October 26 - November 29,30.5,27.1,33.8,908,0
mi,October 26 - November 29,27.5,23.1,31.9,634,0
nm,October 26 - November 29,27.7,23.3,32.1,540,0
mn,October 26 - November 29,26.6,23.4,29.9,851,0
wv,October 26 - November 29,27.5,24.4,30.6,1147,0
wa,October 26 - November 29,25.4,16.7,34.2,234,0
in,October 26 - November 29,26.4,22.2,30.5,513,0
wy,October 26 - November 29,23.8,19.5,28.1,551,0
il,October 26 - November 29,32.0,29.5,34.6,2469,0
pa,October 26 - November 29,28.0,25.5,30.6,2729,0
ky,October 26 - November 29,30.9,26.8,35.0,649,0
de,October 26 - November 29,29.9,26.6,33.3,1023,0
ut,October 26 - November 29,25.1,12.3,37.9,115,0
la,October 26 - November 29,26.7,23.0,30.5,797,0
al,October 26 - November 29,27.7,24.6,30.9,1098,0
ct,October 26 - November 29,31.8,28.4,35.2,967,0
nj,October 26 - November 29,30.0,26.6,33.4,968,0
ny,October 26 - November 29,33.5,28.5,38.5,875,0
nv,October 26 - November 29,27.5,22.3,32.6,389,0
va,October 26 - November 29,29.5,25.9,33.2,983,0
dc,October 26 - November 29,37.3,34.0,40.6,1146,0
tx,October 26 - November 29,30.0,27.3,32.7,3309,0
ia,October 26 - November 29,26.3,22.5,30.2,631,0
sc,October 26 - November 29,28.2,24.9,31.5,1077,0
tn,October 26 - November 29,26.5,23.6,29.3,1137,0
mn,November 30 - December 27,33.3,27.2,39.4,310,0
hi,November 30 - December 27,38.5,32.4,44.5,382,0
ak,November 30 - December 27,26.9,20.3,33.5,234,0
md,November 30 - December 27,39.0,31.6,46.5,285,0
va,November 30 - December 27,33.1,29.0,37.2,765,0
ma,November 30 - December 27,34.0,29.5,38.5,612,0
dc,November 30 - December 27,35.0,30.4,39.5,580,0
mi,November 30 - December 27,31.4,26.7,36.1,498,0
il,November 30 - December 27,27.9,23.0,32.8,927,0
mt,November 30 - December 27,27.0,23.7,30.4,925,0
tx,November 30 - December 27,26.9,24.0,29.9,1752,0
ga,November 30 - December 27,29.9,20.1,39.8,176,0
ar,November 30 - December 27,25.6,21.7,29.5,613,0
fl,November 30 - December 27,23.5,19.3,27.8,711,0
wv,November 30 - December 27,29.5,25.6,33.4,755,0
ut,November 30 - December 27,24.1,15.3,32.8,158,0
sd,November 30 - December 27,22.7,18.7,26.6,513,0
pa,November 30 - December 27,27.9,23.9,31.9,1403,0
ne,November 30 - December 27,28.3,23.3,33.3,354,0
in,November 30 - December 27,25.0,19.7,30.4,314,0
nm,November 30 - December 27,30.4,25.5,35.3,546,0
me,November 30 - December 27,31.2,27.1,35.2,649,0
de,November 30 - December 27,34.2,29.8,38.6,622,0
co,November 30 - December 27,27.9,24.5,31.4,771,0
ri,November 30 - December 27,31.0,25.1,36.8,350,0
ky,November 30 - December 27,26.8,22.3,31.2,470,0
wa,November 30 - December 27,29.4,20.7,38.1,213,0
al,November 30 - December 27,28.3,24.5,32.1,751,0
ks,November 30 - December 27,23.4,14.3,32.5,111,0
ny,November 30 - December 27,28.9,21.7,36.1,372,0
or,November 30 - December 27,30.7,27.6,33.8,1019,0
nd,November 30 - December 27,25.5,20.0,31.0,311,0
oh,November 30 - December 27,25.7,17.7,33.7,201,0
nv,November 30 - December 27,25.5,21.9,29.0,753,0
ct,November 30 - December 27,35.2,31.4,39.0,840,0
wi,November 30 - December 27,28.5,24.6,32.5,656,0
nh,November 30 - December 27,32.2,27.2,37.3,503,0
mo,November 30 - December 27,16.1,10.2,21.9,88,0
ia,November 30 - December 27,24.5,20.4,28.6,513,0
tn,November 30 - December 27,25.7,21.4,30.1,511,0
ca,November 30 - December 27,30.7,27.9,33.5,1512,0
id,November 30 - December 27,24.1,20.6,27.6,670,0
wy,November 30 - December 27,20.2,17.3,23.1,920,0
sc,November 30 - December 27,26.2,22.5,29.9,725,0
nj,November 30 - December 27,31.3,27.1,35.4,650,0
vt,November 30 - December 27,27.8,23.1,32.4,402,0
nc,November 30 - December 27,34.0,27.9,40.1,378,0
ok,November 30 - December 27,26.8,23.1,30.6,656,0
la,November 30 - December 27,30.9,25.4,36.4,441,0
ms,November 30 - December 27,24.4,17.7,31.1,222,0
az,November 30 - December 27,18.4,12.9,23.9,314,0
me,December 28 - January 31,33.0,30.0,35.9,1310,0
ak,December 28 - January 31,29.1,24.1,34.0,382,0
mo,December 28 - January 31,25.6,18.1,33.2,244,0
oh,December 28 - January 31,28.7,20.1,37.2,239,0
az,December 28 - January 31,29.5,24.2,34.8,548,0
ma,December 28 - January 31,36.9,33.4,40.3,983,0
vt,December 28 - January 31,34.1,30.2,38.0,788,0
wv,December 28 - January 31,31.1,27.7,34.6,1041,0
pa,December 28 - January 31,32.6,30.2,35.0,2163,0
nv,December 28 - January 31,30.8,26.3,35.3,536,0
ca,December 28 - January 31,32.5,29.4,35.6,2327,0
ut,December 28 - January 31,18.8,11.1,26.5,195,0
sd,December 28 - January 31,27.4,23.6,31.3,637,0
nd,December 28 - January 31,26.4,22.0,30.9,497,0
mi,December 28 - January 31,33.3,27.8,38.9,484,0
ar,December 28 - January 31,25.4,20.2,30.6,362,0
al,December 28 - January 31,32.8,29.9,35.6,1404,0
ne,December 28 - January 31,29.9,26.4,33.4,819,0
id,December 28 - January 31,26.7,21.1,32.4,290,0
ny,December 28 - January 31,34.0,28.2,39.8,602,0
la,December 28 - January 31,32.2,28.0,36.3,702,0
mt,December 28 - January 31,28.9,26.1,31.6,1398,0
va,December 28 - January 31,37.1,34.0,40.2,1379,0
ri,December 28 - January 31,33.7,27.8,39.6,351,0
sc,December 28 - January 31,32.1,29.2,35.1,1373,0
md,December 28 - January 31,42.6,35.8,49.4,488,0
wi,December 28 - January 31,27.8,22.3,33.3,387,0
tx,December 28 - January 31,29.4,27.0,31.9,4145,0
ia,December 28 - January 31,28.1,22.7,33.4,382,0
ks,December 28 - January 31,24.2,18.3,30.1,231,0
de,December 28 - January 31,32.9,29.7,36.1,1114,0
nc,December 28 - January 31,33.3,28.1,38.4,610,0
hi,December 28 - January 31,38.6,34.7,42.5,905,0
ga,December 28 - January 31,27.1,19.8,34.4,340,0
mn,December 28 - January 31,31.1,28.2,34.0,1221,0
wa,December 28 - January 31,32.1,24.3,39.9,332,0
co,December 28 - January 31,35.1,31.8,38.5,975,0
nj,December 28 - January 31,36.2,32.7,39.6,1015,0
nh,December 28 - January 31,35.6,32.5,38.6,1332,0
ct,December 28 - January 31,43.0,38.1,47.9,592,0
il,December 28 - January 31,32.4,30.1,34.8,2486,0
ok,December 28 - January 31,25.8,20.9,30.8,342,0
tn,December 28 - January 31,29.6,26.8,32.5,1307,0
fl,December 28 - January 31,36.1,30.4,41.9,655,0
dc,December 28 - January 31,43.6,40.2,47.1,1166,0
wy,December 28 - January 31,28.1,24.8,31.3,998,0
in,December 28 - January 31,30.5,27.3,33.7,1039,0
ky,December 28 - January 31,33.3,27.8,38.8,407,0
or,December 28 - January 31,30.7,27.8,33.7,1070,0
ms,December 28 - January 31,29.5,24.9,34.1,652,0
nm,December 28 - January 31,38.2,31.9,44.4,361,0
